pdb,nnodes,nedges,num,idist,nsols,tsecs,min_eij,avg_eij,max_eij,min_rmsd,avg_rmsd,max_rmsd
"1dvjA_20 (21,22)",12,36,10,"[4.01, 5.19]",50,0.221486,0.001034,0.00536944,0.009002,0.3918,1.5099839999999998,2.594
"1dvjA_20 (21,22)",12,36,100,"[4.01, 5.19]",530,1.547696,0.0002403,0.005402089056603773,0.009983,0.02651,1.5182826792452826,2.72
"1dvjA_20 (21,22)",12,36,1000,"[4.01, 5.19]",5394,15.331537,1.25e-05,0.005425172454579162,0.009993,0.00177,1.5204041750092696,2.733
"1dysA_47 (48,49)",12,36,10,"[4.22, 5.19]",10,0.093084,0.003151,0.0065114000000000005,0.009702,0.513,0.8443999999999999,1.021
"1dysA_47 (48,49)",12,36,100,"[4.22, 5.19]",100,0.766914,0.0001385,0.005529381999999997,0.009951,0.008646,0.9829267200000001,2.476
"1dysA_47 (48,49)",12,36,1000,"[4.22, 5.19]",952,7.82757,3.014e-05,0.005070427163865546,0.009988,0.001023,0.938378525210084,2.473
"1eguA_404 (405,406)",12,36,10,"[3.95, 5.27]",0,0.048429,,,,,,
"1eguA_404 (405,406)",12,36,100,"[3.95, 5.27]",52,0.697051,5.291e-05,0.004841727307692307,0.009966,0.03932,0.8494011538461538,1.138
"1eguA_404 (405,406)",12,36,1000,"[3.95, 5.27]",544,6.613862,5.181e-05,0.005083367904411765,0.009996,0.002307,0.8286847830882353,1.143
"1ej0A_74 (75,76)",12,36,10,"[3.50, 5.11]",0,0.040932,,,,,,
"1ej0A_74 (75,76)",12,36,100,"[3.50, 5.11]",24,0.522125,0.001318,0.004195333333333333,0.006612,1.459,2.0101666666666667,2.559
"1ej0A_74 (75,76)",12,36,1000,"[3.50, 5.11]",288,5.357784,2.166e-05,0.005126081944444444,0.009965,0.1328,1.946525,2.569
"1i0hA_123 (124,125)",12,36,10,"[4.24, 5.20]",2,0.123508,0.001779,0.001779,0.001779,0.565,0.565,0.565
"1i0hA_123 (124,125)",12,36,100,"[4.24, 5.20]",56,0.970323,0.0007374,0.005162621428571428,0.009504,0.006861,1.301466464285714,1.873
"1i0hA_123 (124,125)",12,36,1000,"[4.24, 5.20]",516,9.144476,8.753e-05,0.005030316395348838,0.009995,0.0009774,1.2514338426356588,1.879
"1id0A_405 (406,407)",12,36,10,"[3.14, 4.95]",0,0.034237,,,,,,
"1id0A_405 (406,407)",12,36,100,"[3.14, 4.95]",10,0.40519,0.004828,0.0073588,0.009944,0.1742,1.6408399999999996,2.163
"1id0A_405 (406,407)",12,36,1000,"[3.14, 4.95]",70,3.872324,0.0002132,0.005046708571428572,0.009745,0.01111,1.805521142857143,2.163
"1qnrA_195 (196,197)",12,36,10,"[4.65, 5.27]",0,0.012203,,,,,,
"1qnrA_195 (196,197)",12,36,100,"[4.65, 5.27]",4,0.165622,0.0003976,0.0037053,0.007013,0.01218,0.06499,0.1178
"1qnrA_195 (196,197)",12,36,1000,"[4.65, 5.27]",28,1.585593,0.0001361,0.003270942857142857,0.009296,0.01036,0.07652571428571428,0.127
"1qopA_44 (45,46)",12,36,10,"[4.17, 5.22]",10,0.152197,0.002563,0.0044346,0.005523,1.262,2.6996,3.728
"1qopA_44 (45,46)",12,36,100,"[4.17, 5.22]",198,1.309471,2.968e-05,0.005068867474747474,0.009739,0.0886,2.7071565656565655,4.386
"1qopA_44 (45,46)",12,36,1000,"[4.17, 5.22]",1980,13.359726,3.035e-06,0.005013184312121213,0.009998,0.02135,2.709345818181818,4.39
"1tcaA_95 (96,97)",12,36,10,"[2.90, 4.85]",12,0.139248,0.0005047,0.005528283333333334,0.008703,0.0712,0.2606333333333333,0.5386
"1tcaA_95 (96,97)",12,36,100,"[2.90, 4.85]",94,0.628548,3.465e-05,0.004252224468085107,0.00982,0.01433,0.2666870212765957,0.5676
"1tcaA_95 (96,97)",12,36,1000,"[2.90, 4.85]",956,5.486302,3.207e-06,0.004330010759414225,0.009948,0.001535,0.2658931778242678,0.573
"1thfD_121 (122,123)",12,36,10,"[3.90, 5.26]",4,0.083915,0.0001475,0.0010447499999999999,0.001942,0.005885,0.0196125,0.03334
"1thfD_121 (122,123)",12,36,100,"[3.90, 5.26]",76,0.73246,0.0001475,0.00447316842105263,0.009996,0.005885,0.3819472368421053,0.6483
"1thfD_121 (122,123)",12,36,1000,"[3.90, 5.26]",756,7.710862,1.3e-05,0.00437563365079365,0.009957,0.005885,0.38886451322751325,0.6681
"1cruA_85 (87,89)",24,123,10,"[4.91, 6.64]",4,0.375125,0.001176,0.004148,0.00712,8.995,9.577499999999999,10.16
"1cruA_85 (87,89)",24,123,100,"[4.91, 6.64]",18,4.065435,0.001176,0.005793777777777777,0.00945,4.382,9.286777777777779,12.29
"1cruA_85 (87,89)",24,123,1000,"[4.91, 6.64]",268,39.382318,2.821e-05,0.005129726791044776,0.009963,0.01617,8.680949925373135,12.46
"1ctqA_144 (146,148)",24,123,10,"[6.84, 7.88]",4,0.43026,0.001666,0.0052675000000000005,0.008869,6.863,7.3165,7.77
"1ctqA_144 (146,148)",24,123,100,"[6.84, 7.88]",52,4.344007,0.000182,0.005059280769230768,0.009376,0.04414,6.277005384615387,8.19
"1ctqA_144 (146,148)",24,123,1000,"[6.84, 7.88]",476,41.424293,4.059e-05,0.005091287352941176,0.009972,0.005342,6.117346857142857,8.194
"1d8wA_334 (336,338)",24,123,10,"[7.28, 7.54]",24,1.067934,0.0005679,0.007054741666666667,0.008966,0.006335,1.8475054166666667,3.564
"1d8wA_334 (336,338)",24,123,100,"[7.28, 7.54]",144,9.898854,2.859e-06,0.007299156375000001,0.009671,0.006335,2.553350902777778,3.6
"1d8wA_334 (336,338)",24,123,1000,"[7.28, 7.54]",1568,92.583791,5.409e-06,0.00750646906760204,0.009989,0.00605,2.685432633928571,3.611
"1ds1A_20 (22,24)",24,123,10,"[6.90, 7.62]",6,0.384143,0.00153,0.0038306666666666667,0.007296,0.0519,6.3059666666666665,9.634
"1ds1A_20 (22,24)",24,123,100,"[6.90, 7.62]",122,4.204757,0.0001266,0.004849414754098362,0.009952,0.0519,7.790711475409837,10.1
"1ds1A_20 (22,24)",24,123,1000,"[6.90, 7.62]",1222,41.797893,1.178e-05,0.0050079754991816695,0.009999,0.005858,7.727521060556465,10.1
"1gk8A_122 (124,126)",24,123,10,"[5.68, 7.34]",6,0.422725,0.005536,0.005702,0.005942,8.242,9.925666666666666,12.98
"1gk8A_122 (124,126)",24,123,100,"[5.68, 7.34]",52,4.214599,0.0004911,0.006002946153846153,0.009993,0.0354,9.306246153846155,12.98
"1gk8A_122 (124,126)",24,123,1000,"[5.68, 7.34]",492,40.925138,4.317e-05,0.0050647562601626025,0.009981,0.004166,9.664408321138211,13.0
"1i0hA_145 (147,149)",24,123,10,"[4.69, 5.76]",0,0.146106,,,,,,
"1i0hA_145 (147,149)",24,123,100,"[4.69, 5.76]",2,1.376127,0.006923,0.006923,0.006923,0.05136,0.05136,0.05136
"1i0hA_145 (147,149)",24,123,1000,"[4.69, 5.76]",32,14.73145,0.0008761,0.004619818750000001,0.009046,0.01589,3.1917825000000004,5.52
"1ixhA_106 (108,110)",24,123,10,"[5.67, 6.89]",8,0.499255,0.0005774,0.00593785,0.008832,4.972,7.3715,10.1
"1ixhA_106 (108,110)",24,123,100,"[5.67, 6.89]",96,5.433799,0.0003185,0.005345475,0.009592,0.03833,7.837951666666665,10.4
"1ixhA_106 (108,110)",24,123,1000,"[5.67, 6.89]",912,52.473315,5.072e-06,0.005064172054824561,0.009952,0.005517,7.932430813596492,10.84
"1lamA_420 (422,424)",24,123,10,"[6.51, 7.10]",8,0.372252,0.0003866,0.0028686500000000004,0.003941,3.713,3.9365,4.16
"1lamA_420 (422,424)",24,123,100,"[6.51, 7.10]",72,3.911348,0.0003866,0.005412016666666667,0.009428,0.01491,3.196535833333334,4.184
"1lamA_420 (422,424)",24,123,1000,"[6.51, 7.10]",672,37.221705,6.578e-06,0.005391839220238095,0.009997,0.002011,3.105897794642857,4.195
"1qopB_14 (16,18)",24,123,10,"[7.00, 7.47]",8,0.374334,0.0001866,0.0037713999999999994,0.007935,2.281,4.03575,5.063
"1qopB_14 (16,18)",24,123,100,"[7.00, 7.47]",44,3.501982,2.82e-06,0.0045163827272727275,0.008769,0.00504,4.644314999999999,6.583
"1qopB_14 (16,18)",24,123,1000,"[7.00, 7.47]",448,35.227414,4.008e-05,0.0049847133928571435,0.009976,0.0001851,4.459919009375,6.589
"3chbD_51 (53,55)",24,123,10,"[6.29, 7.40]",4,0.270572,0.003114,0.004092,0.00507,5.046,5.32,5.594
"3chbD_51 (53,55)",24,123,10,"[6.29, 7.40]",4,0.314658,0.003114,0.004092,0.00507,5.046,5.32,5.594
"3chbD_51 (53,55)",24,123,100,"[6.29, 7.40]",46,2.811152,0.000373,0.005397086956521739,0.009948,0.07021,5.201009130434782,7.184
"3chbD_51 (53,55)",24,123,1000,"[6.29, 7.40]",466,26.797875,0.00016,0.004999727038626609,0.009961,0.0212,5.427372660944206,7.193
"1cruA_85 (88,91)",36,264,10,"[4.78, 6.55]",2,0.611264,0.0043,0.0043,0.0043,12.92,12.92,12.92
"1cruA_85 (88,91)",36,264,100,"[4.78, 6.55]",26,5.714663,0.00112,0.005585538461538462,0.009354,7.117,15.844384615384614,20.2
"1cruA_85 (88,91)",36,264,1000,"[4.78, 6.55]",276,56.326131,9.592e-05,0.00505576536231884,0.009989,0.004433,14.540401123188406,20.21
"1ctqA_26 (29,32)",36,264,10,"[9.24, 9.71]",8,0.46093,0.002702,0.005285999999999999,0.008057,5.389,7.92225,10.9
"1ctqA_26 (29,32)",36,264,100,"[9.24, 9.71]",66,4.542836,2.134e-06,0.0048213176969696975,0.009422,0.04213,6.970852424242423,12.05
"1ctqA_26 (29,32)",36,264,1000,"[9.24, 9.71]",694,49.000978,3.825e-05,0.005000844812680116,0.009994,0.01393,7.000018443804035,12.06
"1d4oA_88 (91,94)",36,264,10,"[5.88, 6.67]",6,0.83791,0.00806,0.008907,0.00949,11.56,13.383333333333335,16.39
"1d4oA_88 (91,94)",36,264,100,"[5.88, 6.67]",64,8.078845,0.001008,0.00547409375,0.009953,0.04683,13.0402446875,18.46
"1d4oA_88 (91,94)",36,264,1000,"[5.88, 6.67]",610,80.403215,6.245e-06,0.005030947885245902,0.009981,0.001681,13.156053085245903,18.47
"1d8wA_46 (49,52)",36,264,10,"[6.94, 7.63]",14,0.933288,0.001225,0.003973285714285715,0.0095,0.134,10.51357142857143,14.22
"1d8wA_46 (49,52)",36,264,100,"[6.94, 7.63]",62,8.712586,0.0004139,0.005414825806451613,0.009896,0.134,11.730000000000002,16.25
"1d8wA_46 (49,52)",36,264,1000,"[6.94, 7.63]",614,87.600225,3.711e-05,0.004990622671009772,0.009997,0.134,12.041798045602606,16.38
"1ds1A_282 (285,288)",36,264,10,"[10.16, 11.21]",0,0.168164,,,,,,
"1ds1A_282 (285,288)",36,264,100,"[10.16, 11.21]",2,1.633459,0.0001443,0.0001443,0.0001443,0.001751,0.001751,0.001751
"1ds1A_282 (285,288)",36,264,1000,"[10.16, 11.21]",24,17.338604,0.0001547,0.005095891666666666,0.009405,0.001736,1.8876871666666668,5.307
"1dysA_291 (294,297)",36,264,10,"[9.74, 10.70]",0,0.396344,,,,,,
"1dysA_291 (294,297)",36,264,100,"[9.74, 10.70]",20,4.545082,0.000574,0.0053766,0.009794,6.88,10.815000000000001,14.67
"1dysA_291 (294,297)",36,264,1000,"[9.74, 10.70]",238,43.635893,6.408e-05,0.004953960084033614,0.009924,0.02179,10.508216974789915,14.69
"1eguA_508 (511,514)",36,264,10,"[5.57, 7.43]",2,0.52763,0.005916,0.005916,0.005916,9.938,9.938,9.938
"1eguA_508 (511,514)",36,264,100,"[5.57, 7.43]",72,5.673933,0.0003167,0.005024797222222222,0.009958,7.257,13.850194444444444,19.03
"1eguA_508 (511,514)",36,264,1000,"[5.57, 7.43]",734,54.085875,1.797e-05,0.005002722098092644,0.009994,6.24,13.959986376021797,19.03
"1f74A_11 (14,17)",36,264,10,"[10.84, 11.19]",12,0.604605,0.001025,0.005607499999999999,0.009803,0.2557,5.894116666666668,8.759
"1f74A_11 (14,17)",36,264,100,"[10.84, 11.19]",100,5.871954,0.00032,0.004844102,0.009988,0.2557,7.593214000000001,10.09
"1f74A_11 (14,17)",36,264,1000,"[10.84, 11.19]",954,57.602499,1.806e-06,0.00424323978197065,0.00999,0.2557,7.776544444444444,10.09
"1q1wA_31 (34,37)",36,264,10,"[11.30, 11.60]",0,0.318377,,,,,,
"1q1wA_31 (34,37)",36,264,100,"[11.30, 11.60]",12,3.238997,0.004635,0.005332333333333332,0.006348,3.11,4.192333333333334,4.743
"1q1wA_31 (34,37)",36,264,1000,"[11.30, 11.60]",112,30.968143,0.0001464,0.004968410714285714,0.009127,0.08117,3.986774107142857,4.75
"1qopA_178 (181,184)",36,264,10,"[8.37, 10.59]",4,0.428735,0.007551,0.007691,0.007831,10.85,11.36,11.87
"1qopA_178 (181,184)",36,264,100,"[8.37, 10.59]",44,4.830335,5.871e-05,0.004293445909090909,0.008719,0.1505,10.718068181818182,19.24
"1qopA_178 (181,184)",36,264,1000,"[8.37, 10.59]",472,46.190578,1.455e-05,0.004955054110169491,0.00998,0.009709,11.092259317796609,19.3
