RECORD,serial,name,altLoc,resName,chainID,resSeq,iCode,x,y,z,occupancy,tempFactor,element,charge
ATOM,1395,N, ,SER,A,178, ,44.39599993721517,21.432999963246456,7.900999985894815,1.0,16.32,N,
ATOM,1396,CA, ,SER,A,178, ,43.846999944737384,21.664000018063003,6.5650000105909765,1.0,17.51,C,
ATOM,1397,C, ,SER,A,178, ,44.685999911232706,20.980999935899565,5.49000004458655,1.0,18.18,C,
ATOM,1403,N, ,ARG,A,179, ,45.9519999292312,20.758000002014636,5.8120000797729015,1.0,16.85,N,
ATOM,1404,CA, ,ARG,A,179, ,46.92499995849621,20.221000042117538,4.871000052485725,1.0,16.63,C,
ATOM,1405,C, ,ARG,A,179, ,48.22999996800559,19.830000093834045,5.54900008213949,1.0,17.36,C,
ATOM,1414,N, ,SER,A,180, ,49.11099996430593,19.188000084111103,4.796999984652958,1.0,16.84,N,
ATOM,1415,CA, ,SER,A,180, ,50.457999972196006,18.88800006327017,5.247999973617283,1.0,16.52,C,
ATOM,1416,C, ,SER,A,180, ,51.249000051491315,20.191999911516493,5.229999925170216,1.0,17.03,C,
ATOM,1420,N, ,GLY,A,181, ,52.53900000275447,20.12299991079299,5.566000021507269,1.0,15.98,N,
ATOM,1421,CA, ,GLY,A,181, ,53.36400006337124,21.315999917502104,5.640999948777285,1.0,16.64,C,
ATOM,1422,C, ,GLY,A,181, ,53.35300007638891,21.949999942073415,7.032000050323018,1.0,15.17,C,
ATOM,1424,N, ,VAL,A,182, ,53.62499998740386,23.238000036524955,7.051999946415194,1.0,16.02,N,
ATOM,1425,CA, ,VAL,A,182, ,53.7410000436143,24.04800002351525,8.254000052142622,1.0,15.59,C,
ATOM,1426,C, ,VAL,A,182, ,52.808999909386536,25.247999961101048,8.198999963003647,1.0,15.9,C,
ATOM,1431,N, ,THR,A,183, ,52.70499998378424,26.00500002838117,9.293000076375233,1.0,15.31,N,
ATOM,1432,CA, ,THR,A,183, ,51.8009999771081,27.15899997344017,9.289000040047963,1.0,14.41,C,
ATOM,1433,C, ,THR,A,183, ,52.14899993426062,28.118000046538487,8.148000008647715,1.0,14.87,C,
ATOM,1438,N, ,GLY,A,184, ,51.09900002319084,28.759999909377502,7.612999985428824,1.0,14.88,N,
ATOM,1439,CA, ,GLY,A,184, ,51.355999954921685,29.768000002955002,6.578000018017949,1.0,17.59,C,
ATOM,1440,C, ,GLY,A,184, ,50.07199991151831,30.173999922726555,5.865999905738813,1.0,19.41,C,
ATOM,1442,N, ,ALA,A,185, ,49.85399997773851,31.481999978982167,5.735999993251194,1.0,21.08,N,
ATOM,1443,CA, ,ALA,A,185, ,48.648999991570854,31.986999915373875,5.083999933183972,1.0,23.59,C,
ATOM,1444,C, ,ALA,A,185, ,48.731999997761484,31.890000060863525,3.5649999841086686,1.0,28.15,C,
ATOM,1447,N, ,GLU,A,186, ,49.93700003586958,31.72299993235259,3.0419999755162306,1.0,30.75,N,
ATOM,1448,CA, ,GLU,A,186, ,50.129000046084435,31.659999912739064,1.5909999002804411,1.0,36.14,C,
ATOM,1449,C, ,GLU,A,186, ,49.71799995437061,30.322999972483803,1.0160000450753208,1.0,35.92,C,
ATOM,1456,N, ,ASN,A,187, ,49.739999967770196,29.25900007313752,1.8220000460118613,1.0,31.81,N,
ATOM,1457,CA, ,ASN,A,187, ,49.32599998989016,27.952999908407914,1.3329999053284785,1.0,28.56,C,
ATOM,1458,C, ,ASN,A,187, ,47.961999973740255,27.538999931905085,1.862000083281255,1.0,26.16,C,
ATOM,1464,N, ,ARG,A,188, ,46.9399999640431,27.53099996196499,1.0320000082262597,1.0,25.65,N,
ATOM,1465,CA, ,ARG,A,188, ,45.60200008442759,27.141999945076417,1.4430000955951143,1.0,27.64,C,
ATOM,1466,C, ,ARG,A,188, ,45.432999944925754,25.631999959151802,1.340000053573519,1.0,28.02,C,
ATOM,1475,N, ,GLY,A,189, ,44.70500009710868,25.045999941023695,2.281000065723407,1.0,26.22,N,
ATOM,1476,CA, ,GLY,A,189, ,44.47999995980321,23.598000009263977,2.252999964879806,1.0,27.45,C,
ATOM,1477,C, ,GLY,A,189, ,43.11399995057477,23.337000024081906,1.6049999967016477,1.0,29.96,C,
